"deaths_location","deaths_continent","month","population","people_vaccinated","new_cases","vaccinated_reinfection_rate","unvaccinated_reinfection_rate","reinfection_difference"
"Afghanistan","Asia","2022-11-01 00:00:00+05:30","41128772","10987211","92","24.58","67.42","42.85"
"Albania","Europe","2021-10-01 00:00:00+05:30","2842318","1040015","230","84.16","145.84","61.68"
"Albania","Europe","2021-11-01 00:00:00+05:30","2842318","1042227","770","282.35","487.65","205.31"
"Albania","Europe","2021-12-01 00:00:00+05:30","2842318","1102621","352","123.62","214.88","91.25"
"Albania","Europe","2022-11-01 00:00:00+05:30","2842318","1342243","30","14.17","15.83","1.67"
"Andorra","Europe","2021-12-01 00:00:00+05:30","79843","56628","0","0.00","0.00","0.00"
"Angola","Africa","2021-11-01 00:00:00+05:30","35588996","5802574","0","0.00","0.00","0.00"
"Anguilla","North America","2021-12-01 00:00:00+05:30","15877","9624","0","0.00","0.00","0.00"
"Antigua and Barbuda","North America","2021-10-01 00:00:00+05:30","93772","61921","0","0.00","0.00","0.00"
"Argentina","South America","2021-10-01 00:00:00+05:30","45510324","37944598","4044","1632.68","371.65","-1261.02"
"Argentina","South America","2021-11-01 00:00:00+05:30","45510324","37973530","2171","1131.05","277.28","-853.77"
"Argentina","South America","2021-12-01 00:00:00+05:30","45510324","37986950","1788","1266.26","363.07","-903.20"
"Argentina","South America","2022-10-01 00:00:00+05:30","45510324","41402532","0","0.00","0.00","0.00"
"Argentina","South America","2022-11-01 00:00:00+05:30","45510324","41402559","27119","8223.75","815.92","-7407.82"
"Argentina","South America","2022-12-01 00:00:00+05:30","45510324","41403784","0","0.00","0.00","0.00"
"Armenia","Asia","2021-11-01 00:00:00+05:30","2780472","344029","601","74.36","526.64","452.28"
"Armenia","Asia","2021-12-01 00:00:00+05:30","2780472","869750","133","41.60","91.40","49.79"
"Aruba","North America","2021-10-01 00:00:00+05:30","106459","83936","21","6.82","1.85","-4.97"
"Aruba","North America","2021-11-01 00:00:00+05:30","106459","83125","14","10.93","3.07","-7.86"
"Aruba","North America","2021-12-01 00:00:00+05:30","106459","83183","0","0.00","0.00","0.00"
"Aruba","North America","2022-10-01 00:00:00+05:30","106459","90106","44","12.40","2.27","-10.13"
"Aruba","North America","2022-11-01 00:00:00+05:30","106459","90016","0","0.00","0.00","0.00"
"Aruba","North America","2022-12-01 00:00:00+05:30","106459","90110","0","0.00","0.00","0.00"
"Australia","Oceania","2021-10-01 00:00:00+05:30","26177410","20196129","15281","3433.36","1660.31","-1773.05"
"Australia","Oceania","2021-11-01 00:00:00+05:30","26177410","20205275","0","0.00","0.00","0.00"
"Australia","Oceania","2021-12-01 00:00:00+05:30","26177410","20208813","13403","3449.01","1018.65","-2430.36"
"Australia","Oceania","2022-10-01 00:00:00+05:30","26177410","22234705","0","0.00","0.00","0.00"
"Austria","Europe","2021-10-01 00:00:00+05:30","8939617","6575246","4304","3165.67","1138.33","-2027.34"
"Austria","Europe","2021-12-01 00:00:00+05:30","8939617","6222838","13206","9192.65","4013.35","-5179.31"
"Austria","Europe","2022-11-01 00:00:00+05:30","8939617","6894329","3949","3045.51","903.49","-2142.02"
"Azerbaijan","Asia","2021-10-01 00:00:00+05:30","10358078","5114379","1315","564.67","601.33","36.67"
"Azerbaijan","Asia","2021-11-01 00:00:00+05:30","10358078","5117826","1876","647.35","691.65","44.30"
"Azerbaijan","Asia","2021-12-01 00:00:00+05:30","10358078","5120573","1774","584.61","619.06","34.45"
"Bahamas","North America","2021-10-01 00:00:00+05:30","409989","154135","4","1.50","2.50","0.99"
"Bahamas","North America","2022-11-01 00:00:00+05:30","409989","173843","6","2.54","3.46","0.91"
"Bahrain","Asia","2021-10-01 00:00:00+05:30","1472237","1192110","59","27.45","6.88","-20.57"
"Bahrain","Asia","2021-11-01 00:00:00+05:30","1472237","1192600","57","30.69","7.64","-23.05"
"Bahrain","Asia","2021-12-01 00:00:00+05:30","1472237","1192979","80","39.22","9.78","-29.44"
"Bahrain","Asia","2022-10-01 00:00:00+05:30","1472237","1240969","260","210.71","39.29","-171.41"
"Bahrain","Asia","2022-11-01 00:00:00+05:30","1472237","1240972","291","226.72","42.28","-184.44"
"Bahrain","Asia","2022-12-01 00:00:00+05:30","1472237","1240974","197","166.05","30.95","-135.11"
"Bangladesh","Asia","2021-10-01 00:00:00+05:30","171186368","49114910","481","84.52","273.48","188.97"
"Bangladesh","Asia","2021-11-01 00:00:00+05:30","171186368","50328975","599","98.84","319.16","220.32"
"Bangladesh","Asia","2021-12-01 00:00:00+05:30","171186368","36897472","543","117.04","425.96","308.92"
"Bangladesh","Asia","2022-10-01 00:00:00+05:30","171186368","149137913","17","14.81","2.19","-12.62"
"Bangladesh","Asia","2022-11-01 00:00:00+05:30","171186368","149138275","29","25.26","3.74","-21.53"
"Bangladesh","Asia","2022-12-01 00:00:00+05:30","171186368","149138533","19","16.55","2.45","-14.11"
"Barbados","North America","2021-10-01 00:00:00+05:30","281646","154444","301","108.91","99.09","-9.82"
"Barbados","North America","2021-11-01 00:00:00+05:30","281646","154481","411","147.37","131.63","-15.74"
"Barbados","North America","2021-12-01 00:00:00+05:30","281646","154524","335","132.91","117.42","-15.49"
"Belarus","Europe","2021-10-01 00:00:00+05:30","9534956","2468546","1998","517.27","1480.73","963.46"
"Belarus","Europe","2021-12-01 00:00:00+05:30","9534956","4064247","1837","783.02","1053.98","270.97"
"Belgium","Europe","2021-10-01 00:00:00+05:30","11655923","8906427","15262","8323.20","2644.47","-5678.74"
"Belgium","Europe","2021-11-01 00:00:00+05:30","11655923","8908545","13445","7061.03","2235.97","-4825.06"
"Belgium","Europe","2021-12-01 00:00:00+05:30","11655923","8908692","13113","6761.53","2135.47","-4626.06"
"Belgium","Europe","2022-10-01 00:00:00+05:30","11655923","9264317","1611","1047.16","270.50","-776.66"
"Belgium","Europe","2022-11-01 00:00:00+05:30","11655923","9264317","1567","817.26","211.07","-606.18"
"Belgium","Europe","2022-12-01 00:00:00+05:30","11655923","9264327","4950","1680.65","434.35","-1246.30"
"Belize","North America","2021-10-01 00:00:00+05:30","405285","229107","42","23.74","18.26","-5.49"
"Belize","North America","2021-12-01 00:00:00+05:30","405285","226060","167","93.15","73.85","-19.30"
"Belize","North America","2022-11-01 00:00:00+05:30","405285","251385","0","0.00","0.00","0.00"
"Benin","Africa","2021-12-01 00:00:00+05:30","13352864","1363471","0","0.00","0.00","0.00"
"Bermuda","North America","2021-10-01 00:00:00+05:30","64207","46054","2","1.43","0.57","-0.87"
"Bhutan","Asia","2021-10-01 00:00:00+05:30","782457","585479","0","0.00","0.00","0.00"
"Bolivia","South America","2021-10-01 00:00:00+05:30","12224114","5214522","1737","372.62","544.38","171.76"
"Bolivia","South America","2021-11-01 00:00:00+05:30","12224114","5221782","1746","386.95","562.38","175.43"
"Bolivia","South America","2021-12-01 00:00:00+05:30","12224114","5224163","1878","403.59","579.41","175.81"
"Botswana","Africa","2021-10-01 00:00:00+05:30","2630300","770879","0","0.00","0.00","0.00"
"Brazil","South America","2021-10-01 00:00:00+05:30","215313504","161412780","18172","8624.29","3280.71","-5343.58"
"Brazil","South America","2021-11-01 00:00:00+05:30","215313504","161690791","16451","10016.08","3683.42","-6332.66"
"Brazil","South America","2021-12-01 00:00:00+05:30","215313504","161743151","12273","7713.10","2742.90","-4970.19"
"Brazil","South America","2022-10-01 00:00:00+05:30","215313504","188116781","33935","16516.07","2395.43","-14120.64"
"Brazil","South America","2022-11-01 00:00:00+05:30","215313504","188118034","9406","2868.68","427.32","-2441.36"
"Brazil","South America","2022-12-01 00:00:00+05:30","215313504","188125449","39045","34114.71","4930.29","-29184.42"
"British Virgin Islands","North America","2021-12-01 00:00:00+05:30","31332","18137","0","0.00","0.00","0.00"
"Brunei","Asia","2021-10-01 00:00:00+05:30","449002","404806","381","116.46","37.88","-78.58"
"Brunei","Asia","2021-11-01 00:00:00+05:30","449002","404834","96","55.46","10.04","-45.42"
"Brunei","Asia","2021-12-01 00:00:00+05:30","449002","404940","305","95.10","29.24","-65.86"
"Brunei","Asia","2022-11-01 00:00:00+05:30","449002","450287","0","0.00","0.00","0.00"
"Bulgaria","Europe","2022-11-01 00:00:00+05:30","6781955","2104752","68","21.10","46.90","25.79"
"Burundi","Africa","2021-10-01 00:00:00+05:30","12889583","1085","10","0.00","10.00","10.00"
"Burundi","Africa","2021-11-01 00:00:00+05:30","12889583","1117","11","0.00","11.00","11.00"
"Burundi","Africa","2021-12-01 00:00:00+05:30","12889583","2812","80","0.01","46.49","46.48"
"Cambodia","Asia","2021-10-01 00:00:00+05:30","16767851","14198740","239","86.45","19.88","-66.57"
"Cambodia","Asia","2021-11-01 00:00:00+05:30","16767851","14200162","258","92.22","21.11","-71.11"
"Cambodia","Asia","2021-12-01 00:00:00+05:30","16767851","14201322","267","92.78","21.22","-71.56"
"Cambodia","Asia","2022-11-01 00:00:00+05:30","16767851","15220136","0","0.00","0.00","0.00"
"Cameroon","Africa","2021-11-01 00:00:00+05:30","27914542","424269","471","3.58","231.92","228.34"
"Cameroon","Africa","2021-12-01 00:00:00+05:30","27914542","432625","0","0.00","0.00","0.00"
"Canada","North America","2021-10-01 00:00:00+05:30","38454328","31066250","4128","2558.74","706.60","-1852.14"
"Canada","North America","2021-11-01 00:00:00+05:30","38454328","31107970","4258","2712.75","735.92","-1976.83"
"Canada","North America","2021-12-01 00:00:00+05:30","38454328","31153192","4756","2862.68","766.32","-2096.35"
"Canada","North America","2022-10-01 00:00:00+05:30","38454328","33469046","0","0.00","0.00","0.00"
"Canada","North America","2022-11-01 00:00:00+05:30","38454328","33472137","0","0.00","0.00","0.00"
"Canada","North America","2022-12-01 00:00:00+05:30","38454328","34473337","0","0.00","0.00","0.00"
"Cape Verde","Africa","2021-10-01 00:00:00+05:30","593162","295571","1","0.50","0.50","0.00"
"Cayman Islands","North America","2021-10-01 00:00:00+05:30","68722","58371","70","59.46","10.54","-48.91"
"Cayman Islands","North America","2021-12-01 00:00:00+05:30","68722","57357","0","0.00","0.00","0.00"
"Cayman Islands","North America","2022-11-01 00:00:00+05:30","68722","61818","0","0.00","0.00","0.00"
"Chad","Africa","2021-10-01 00:00:00+05:30","17723312","172432","0","0.00","0.00","0.00"
"Chad","Africa","2021-11-01 00:00:00+05:30","17723312","146669","0","0.00","0.00","0.00"
"Chad","Africa","2021-12-01 00:00:00+05:30","17723312","205259","0","0.00","0.00","0.00"
"Chad","Africa","2022-11-01 00:00:00+05:30","17723312","3750058","0","0.00","0.00","0.00"
"Chile","South America","2021-10-01 00:00:00+05:30","19603736","17019408","1771","1278.08","226.92","-1051.17"
"Chile","South America","2021-11-01 00:00:00+05:30","19603736","17023382","2164","1335.11","238.89","-1096.23"
"Chile","South America","2021-12-01 00:00:00+05:30","19603736","17023737","2733","1429.27","252.40","-1176.87"
"Chile","South America","2022-10-01 00:00:00+05:30","19603736","18081150","7523","4453.81","376.19","-4077.61"
"Chile","South America","2022-11-01 00:00:00+05:30","19603736","18081151","8225","3949.46","333.54","-3615.91"
"Chile","South America","2022-12-01 00:00:00+05:30","19603736","18081283","7235","3780.52","319.14","-3461.38"
"Colombia","South America","2021-10-01 00:00:00+05:30","51874028","27885125","1607","863.85","743.15","-120.70"
"Colombia","South America","2021-11-01 00:00:00+05:30","51874028","28016960","1587","857.13","729.87","-127.27"
"Colombia","South America","2021-12-01 00:00:00+05:30","51874028","28166163","1518","824.23","693.77","-130.46"
"Colombia","South America","2022-11-01 00:00:00+05:30","51874028","42856459","0","0.00","0.00","0.00"
"Comoros","Africa","2021-10-01 00:00:00+05:30","836783","282378","4","1.35","2.65","1.30"
"Congo","Africa","2021-10-01 00:00:00+05:30","5970430","423819","0","0.00","0.00","0.00"
"Costa Rica","North America","2021-11-01 00:00:00+05:30","5180836","3525260","1255","853.96","401.04","-452.91"
"Costa Rica","North America","2022-11-01 00:00:00+05:30","5180836","4541315","2448","2145.82","302.18","-1843.64"
"Cote d'Ivoire","Africa","2021-11-01 00:00:00+05:30","28160548","1970527","34","2.38","31.62","29.24"
"Cote d'Ivoire","Africa","2021-12-01 00:00:00+05:30","28160548","3306299","14","1.64","12.36","10.71"
"Croatia","Europe","2021-10-01 00:00:00+05:30","4030361","2224323","4966","1876.57","1786.10","-90.47"
"Croatia","Europe","2021-11-01 00:00:00+05:30","4030361","2226748","3797","1257.91","1094.59","-163.33"
"Croatia","Europe","2021-12-01 00:00:00+05:30","4030361","2227358","6987","1906.91","1765.42","-141.49"
"Croatia","Europe","2022-10-01 00:00:00+05:30","4030361","2319796","375","215.84","159.16","-56.69"
"Croatia","Europe","2022-11-01 00:00:00+05:30","4030361","2320464","373","130.29","96.04","-34.25"
"Croatia","Europe","2022-12-01 00:00:00+05:30","4030361","2320476","396","160.38","118.29","-42.09"
"Cuba","North America","2021-10-01 00:00:00+05:30","11212198","10217205","3442","1149.58","180.42","-969.15"
"Cuba","North America","2021-11-01 00:00:00+05:30","11212198","10218705","3604","1175.91","184.76","-991.14"
"Cuba","North America","2021-12-01 00:00:00+05:30","11212198","10218940","2945","988.23","152.10","-836.13"
"Cuba","North America","2022-10-01 00:00:00+05:30","11212198","10716796","34","17.68","0.82","-16.86"
"Cuba","North America","2022-11-01 00:00:00+05:30","11212198","10712522","8","4.30","0.20","-4.10"
"Cuba","North America","2022-12-01 00:00:00+05:30","11212198","10716984","19","6.05","0.28","-5.77"
"Curacao","North America","2021-10-01 00:00:00+05:30","191173","103299","15","3.77","3.23","-0.53"
"Curacao","North America","2021-11-01 00:00:00+05:30","191173","103448","23","7.55","6.45","-1.11"
"Curacao","North America","2022-10-01 00:00:00+05:30","191173","108591","18","10.22","7.78","-2.45"
"Curacao","North America","2022-11-01 00:00:00+05:30","191173","108593","0","0.00","0.00","0.00"
"Cyprus","Europe","2021-10-01 00:00:00+05:30","896007","598723","134","89.54","44.46","-45.08"
"Cyprus","Europe","2021-11-01 00:00:00+05:30","896007","633930","662","239.39","104.27","-135.12"
"Cyprus","Europe","2021-12-01 00:00:00+05:30","896007","599337","170","113.71","56.29","-57.43"
"Czechia","Europe","2021-10-01 00:00:00+05:30","10493990","6747459","14909","6303.50","3781.50","-2522.00"
"Czechia","Europe","2021-11-01 00:00:00+05:30","10493990","6749112","13930","5633.08","3370.26","-2262.82"
"Czechia","Europe","2021-12-01 00:00:00+05:30","10493990","6750420","10697","4456.01","2682.99","-1773.01"
"Czechia","Europe","2022-10-01 00:00:00+05:30","10493990","6974403","986","509.70","257.30","-252.40"
"Czechia","Europe","2022-11-01 00:00:00+05:30","10493990","6974405","5554","1447.98","731.35","-716.63"
"Czechia","Europe","2022-12-01 00:00:00+05:30","10493990","6974427","4195","1119.11","565.22","-553.89"
"Democratic Republic of Congo","Africa","2021-10-01 00:00:00+05:30","99010216","186741","788","1.49","786.51","785.03"
"Democratic Republic of Congo","Africa","2021-11-01 00:00:00+05:30","99010216","118759","17","0.02","16.98","16.96"
"Democratic Republic of Congo","Africa","2022-11-01 00:00:00+05:30","99010216","9145982","0","0.00","0.00","0.00"
"Denmark","Europe","2021-10-01 00:00:00+05:30","5882259","4586821","6985","5446.71","1538.29","-3908.42"
"Denmark","Europe","2021-12-01 00:00:00+05:30","5882259","4431410","2132","1606.15","525.85","-1080.29"
"Denmark","Europe","2022-11-01 00:00:00+05:30","5882259","4775384","884","717.66","166.34","-551.31"
"Djibouti","Africa","2022-10-01 00:00:00+05:30","1120851","247171","0","0.00","0.00","0.00"
"Dominica","North America","2021-10-01 00:00:00+05:30","72758","29064","32","12.78","19.22","6.43"
"Dominica","North America","2021-12-01 00:00:00+05:30","72758","28207","0","0.00","0.00","0.00"
"Dominican Republic","North America","2021-10-01 00:00:00+05:30","11228821","6910029","968","443.30","312.37","-130.93"
"Dominican Republic","North America","2021-11-01 00:00:00+05:30","11228821","6910906","1046","378.23","259.44","-118.80"
"Dominican Republic","North America","2021-12-01 00:00:00+05:30","11228821","6911177","1119","388.67","270.33","-118.34"
"Dominican Republic","North America","2022-10-01 00:00:00+05:30","11228821","7292533","0","0.00","0.00","0.00"
"Dominican Republic","North America","2022-11-01 00:00:00+05:30","11228821","7298149","520","123.04","66.29","-56.74"
"Dominican Republic","North America","2022-12-01 00:00:00+05:30","11228821","7298326","454","147.54","79.46","-68.08"
"Ecuador","South America","2021-10-01 00:00:00+05:30","18001002","13960603","670","234.50","81.17","-153.34"
"Ecuador","South America","2021-11-01 00:00:00+05:30","18001002","13972603","1681","450.19","133.81","-316.37"
"Ecuador","South America","2021-12-01 00:00:00+05:30","18001002","13979769","623","177.44","55.23","-122.20"
"Egypt","Africa","2021-10-01 00:00:00+05:30","110990096","21121564","921","175.27","745.73","570.46"
"Egypt","Africa","2021-11-01 00:00:00+05:30","110990096","29529394","822","218.70","603.30","384.61"
"El Salvador","North America","2021-10-01 00:00:00+05:30","6336393","4367938","0","0.00","0.00","0.00"
"El Salvador","North America","2021-11-01 00:00:00+05:30","6336393","4374244","0","0.00","0.00","0.00"
"El Salvador","North America","2021-12-01 00:00:00+05:30","6336393","4454031","0","0.00","0.00","0.00"
"England","Europe","2021-10-01 00:00:00+05:30","56550000","43008526",NULL,NULL,NULL,NULL
"England","Europe","2021-11-01 00:00:00+05:30","56550000","43032072",NULL,NULL,NULL,NULL
"England","Europe","2021-12-01 00:00:00+05:30","56550000","43051269",NULL,NULL,NULL,NULL
"England","Europe","2022-10-01 00:00:00+05:30","56550000","45370035",NULL,NULL,NULL,NULL
"England","Europe","2022-11-01 00:00:00+05:30","56550000","45370509",NULL,NULL,NULL,NULL
"England","Europe","2022-12-01 00:00:00+05:30","56550000","45371090",NULL,NULL,NULL,NULL
"Equatorial Guinea","Africa","2021-10-01 00:00:00+05:30","1674916","244586","0","0.00","0.00","0.00"
"Equatorial Guinea","Africa","2021-12-01 00:00:00+05:30","1674916","236045","0","0.00","0.00","0.00"
"Estonia","Europe","2021-10-01 00:00:00+05:30","1326064","833135","1354","557.47","363.53","-193.93"
"Estonia","Europe","2021-11-01 00:00:00+05:30","1326064","833417","1180","476.24","310.76","-165.48"
"Estonia","Europe","2021-12-01 00:00:00+05:30","1326064","833579","1256","533.88","357.12","-176.77"
"Estonia","Europe","2022-10-01 00:00:00+05:30","1326064","868361","89","53.01","27.99","-25.03"
"Estonia","Europe","2022-11-01 00:00:00+05:30","1326064","868363","212","73.93","39.07","-34.86"
"Estonia","Europe","2022-12-01 00:00:00+05:30","1326064","868372","184","64.34","34.00","-30.34"
"Eswatini","Africa","2021-10-01 00:00:00+05:30","1201680","227080","18","3.40","14.60","11.20"
"Eswatini","Africa","2021-11-01 00:00:00+05:30","1201680","259022","3","0.51","1.99","1.49"
"Eswatini","Africa","2022-11-01 00:00:00+05:30","1201680","507582","54","22.81","31.19","8.38"
"Ethiopia","Africa","2021-10-01 00:00:00+05:30","123379928","8911330","608","11.73","353.77","342.04"
"Ethiopia","Africa","2021-11-01 00:00:00+05:30","123379928","8954983","443","7.36","192.64","185.29"
"Ethiopia","Africa","2021-12-01 00:00:00+05:30","123379928","8976651","525","12.00","360.00","348.00"
"Faeroe Islands","Europe","2021-10-01 00:00:00+05:30","53117","38663","12","8.73","3.27","-5.47"
"Faeroe Islands","Europe","2021-11-01 00:00:00+05:30","53117","38719","13","9.48","3.52","-5.95"
"Fiji","Oceania","2021-12-01 00:00:00+05:30","929769","594872","63","40.31","22.69","-17.62"
"Fiji","Oceania","2022-10-01 00:00:00+05:30","929769","710419","0","0.00","0.00","0.00"
"Fiji","Oceania","2022-12-01 00:00:00+05:30","929769","711507","0","0.00","0.00","0.00"
"Finland","Europe","2021-10-01 00:00:00+05:30","5540745","4164888","597","448.76","148.24","-300.51"
"Finland","Europe","2022-10-01 00:00:00+05:30","5540745","4522820","2231","1821.13","409.87","-1411.26"
"Finland","Europe","2022-11-01 00:00:00+05:30","5540745","4522245","687","560.72","126.28","-434.43"
"France","Europe","2021-10-01 00:00:00+05:30","67813000","52715400","56609","18804.86","5476.14","-13328.72"
"France","Europe","2021-11-01 00:00:00+05:30","67813000","52735655","55020","18294.58","5316.42","-12978.15"
"France","Europe","2021-12-01 00:00:00+05:30","67813000","52741339","53647","17270.10","4991.90","-12278.20"
"France","Europe","2022-10-01 00:00:00+05:30","67813000","54634078","64801","36296.20","8764.80","-27531.41"
"France","Europe","2022-11-01 00:00:00+05:30","67813000","54634210","61482","26167.56","6315.77","-19851.79"
"France","Europe","2022-12-01 00:00:00+05:30","67813000","54634731","94753","44522.40","10756.94","-33765.46"
"French Polynesia","Oceania","2021-12-01 00:00:00+05:30","306292","154058","0","0.00","0.00","0.00"
"Gabon","Africa","2021-10-01 00:00:00+05:30","2388997","143136","257","15.40","241.60","226.20"
"Gambia","Africa","2021-11-01 00:00:00+05:30","2705995","242172","5","0.45","4.55","4.11"
"Georgia","Asia","2021-10-01 00:00:00+05:30","3744385","1257362","3454","912.68","2059.32","1146.63"
"Georgia","Asia","2021-11-01 00:00:00+05:30","3744385","1070966","4563","857.37","2189.13","1331.77"
"Georgia","Asia","2021-12-01 00:00:00+05:30","3744385","1264271","4445","1132.34","2551.16","1418.82"
"Germany","Europe","2021-10-01 00:00:00+05:30","83369840","61479136","57676","26952.37","10345.96","-16606.41"
"Germany","Europe","2021-11-01 00:00:00+05:30","83369840","61552332","51127","25219.87","9651.80","-15568.06"
"Germany","Europe","2021-12-01 00:00:00+05:30","83369840","61570178","49743","21752.07","8458.93","-13293.13"
"Germany","Europe","2022-10-01 00:00:00+05:30","83369840","64859168","36912","21827.96","6235.71","-15592.25"
"Germany","Europe","2022-11-01 00:00:00+05:30","83369840","64859261","144653","47722.34","13650.00","-34072.34"
"Germany","Europe","2022-12-01 00:00:00+05:30","83369840","64859604","143511","45374.19","12978.48","-32395.70"
"Ghana","Africa","2021-10-01 00:00:00+05:30","33475870","2352125","0","0.00","0.00","0.00"
"Ghana","Africa","2022-11-01 00:00:00+05:30","33475870","12163179","0","0.00","0.00","0.00"
"Gibraltar","Europe","2021-10-01 00:00:00+05:30","32677","41041","38","40.55","-8.05","-48.60"
"Gibraltar","Europe","2021-11-01 00:00:00+05:30","32677","41075","50","35.21","-6.88","-42.09"
"Gibraltar","Europe","2021-12-01 00:00:00+05:30","32677","40763","72","62.64","-12.14","-74.78"
"Greece","Europe","2021-10-01 00:00:00+05:30","10384972","7216048","8969","3672.32","1875.68","-1796.63"
"Greece","Europe","2021-11-01 00:00:00+05:30","10384972","7226225","7089","2995.65","1503.02","-1492.63"
"Greece","Europe","2021-12-01 00:00:00+05:30","10384972","7255971","6771","3073.40","1553.26","-1520.14"
"Greece","Europe","2022-10-01 00:00:00+05:30","10384972","7931801","51427","13088.27","4054.07","-9034.20"
"Greece","Europe","2022-11-01 00:00:00+05:30","10384972","7931803","0","0.00","0.00","0.00"
"Greece","Europe","2022-12-01 00:00:00+05:30","10384972","7931824","51824","13194.03","4080.64","-9113.39"
"Greenland","North America","2021-10-01 00:00:00+05:30","56494","40351","28","20.00","8.00","-12.00"
"Greenland","North America","2021-11-01 00:00:00+05:30","56494","39951","0","0.00","0.00","0.00"
"Greenland","North America","2021-12-01 00:00:00+05:30","56494","39960","0","0.00","0.00","0.00"
"Grenada","North America","2021-10-01 00:00:00+05:30","125459","40930","0","0.00","0.00","0.00"
"Grenada","North America","2021-12-01 00:00:00+05:30","125459","39254","0","0.00","0.00","0.00"
"Grenada","North America","2022-11-01 00:00:00+05:30","125459","44180","0","0.00","0.00","0.00"
"Guatemala","North America","2021-10-01 00:00:00+05:30","17843914","6233673","1991","228.84","574.16","345.31"
"Guatemala","North America","2021-11-01 00:00:00+05:30","17843914","6242145","994","219.93","496.40","276.47"
"Guatemala","North America","2021-12-01 00:00:00+05:30","17843914","6248164","754","164.58","353.75","189.17"
"Guatemala","North America","2022-11-01 00:00:00+05:30","17843914","8843207","479","237.39","241.61","4.23"
"Guinea","Africa","2021-10-01 00:00:00+05:30","13859349","1588076","6","0.34","2.66","2.31"
"Guinea","Africa","2021-11-01 00:00:00+05:30","13859349","1685746","0","0.00","0.00","0.00"
"Guinea","Africa","2021-12-01 00:00:00+05:30","13859349","1687180","15","0.91","6.59","5.67"
"Guinea-Bissau","Africa","2021-11-01 00:00:00+05:30","2105580","289658","60","8.25","51.75","43.49"
"Guinea-Bissau","Africa","2021-12-01 00:00:00+05:30","2105580","111131","2","0.11","1.89","1.79"
"Guyana","South America","2021-10-01 00:00:00+05:30","808727","388444","77","36.98","40.02","3.03"
"Guyana","South America","2021-11-01 00:00:00+05:30","808727","389349","48","23.11","24.89","1.78"
"Guyana","South America","2021-12-01 00:00:00+05:30","808727","390110","134","61.96","70.04","8.07"
"Haiti","North America","2021-10-01 00:00:00+05:30","11585003","69379","84","0.50","83.50","82.99"
"Haiti","North America","2021-11-01 00:00:00+05:30","11585003","97950","36","0.30","35.70","35.39"
"Haiti","North America","2021-12-01 00:00:00+05:30","11585003","104920","59","0.53","58.47","57.93"
"Honduras","North America","2021-12-01 00:00:00+05:30","10432858","3957957","86","32.63","53.37","20.75"
"Hong Kong","Asia","2021-10-01 00:00:00+05:30","7488863","4801578",NULL,NULL,NULL,NULL
"Hong Kong","Asia","2021-11-01 00:00:00+05:30","7488863","4806769",NULL,NULL,NULL,NULL
"Hong Kong","Asia","2021-12-01 00:00:00+05:30","7488863","4809781",NULL,NULL,NULL,NULL
"Hong Kong","Asia","2022-10-01 00:00:00+05:30","7488863","6903428",NULL,NULL,NULL,NULL
"Hong Kong","Asia","2022-11-01 00:00:00+05:30","7488863","6903638",NULL,NULL,NULL,NULL
"Hong Kong","Asia","2022-12-01 00:00:00+05:30","7488863","6903935",NULL,NULL,NULL,NULL
"Hungary","Europe","2021-10-01 00:00:00+05:30","9967304","5986727","8434","2532.88","1684.12","-848.77"
"Hungary","Europe","2021-11-01 00:00:00+05:30","9967304","5992142","8394","3129.91","2090.09","-1039.81"
"Hungary","Europe","2021-12-01 00:00:00+05:30","9967304","6190822","455","134.98","92.52","-42.46"
"Hungary","Europe","2022-11-01 00:00:00+05:30","9967304","6418580","0","0.00","0.00","0.00"
"Iceland","Europe","2021-11-01 00:00:00+05:30","372903","283668","191","145.29","45.71","-99.59"
"India","Asia","2021-10-01 00:00:00+05:30","1417173120","811443992","18166","6554.16","6157.50","-396.66"
"India","Asia","2021-11-01 00:00:00+05:30","1417173120","815387998","18132","6755.33","6316.33","-439.00"
"India","Asia","2021-12-01 00:00:00+05:30","1417173120","816708250","14313","6017.38","5516.96","-500.42"
"India","Asia","2022-10-01 00:00:00+05:30","1417173120","1027083897","2424","881.41","335.25","-546.16"
"India","Asia","2022-11-01 00:00:00+05:30","1417173120","1027087217","1957","717.70","272.97","-444.74"
"India","Asia","2022-12-01 00:00:00+05:30","1417173120","1027088793","2139","756.11","287.56","-468.55"
"Indonesia","Asia","2021-10-01 00:00:00+05:30","275501344","145085912","894","215.89","306.11","90.23"
"Indonesia","Asia","2021-11-01 00:00:00+05:30","275501344","145910019","620","182.95","244.71","61.76"
"Indonesia","Asia","2021-12-01 00:00:00+05:30","275501344","146489638","1261","245.86","361.81","115.95"
"Iran","Asia","2021-10-01 00:00:00+05:30","88550568","45075271","7654","3896.15","3757.85","-138.30"
"Iran","Asia","2021-12-01 00:00:00+05:30","88550568","58569046","1681","1111.85","569.15","-542.69"
"Iraq","Asia","2021-12-01 00:00:00+05:30","44496124","8009447","250","45.00","205.00","160.00"
"Iraq","Asia","2022-11-01 00:00:00+05:30","44496124","11323818","0","0.00","0.00","0.00"
"Iraq","Asia","2022-12-01 00:00:00+05:30","44496124","11181117","0","0.00","0.00","0.00"
"Ireland","Europe","2021-10-01 00:00:00+05:30","5023108","3919096","4126","2396.87","699.46","-1697.41"
"Ireland","Europe","2021-11-01 00:00:00+05:30","5023108","3919743","5331","2908.64","849.36","-2059.27"
"Ireland","Europe","2021-12-01 00:00:00+05:30","5023108","3920429","4097","2183.26","633.07","-1550.19"
"Ireland","Europe","2022-10-01 00:00:00+05:30","5023108","4105900","528","330.97","74.03","-256.93"
"Ireland","Europe","2022-11-01 00:00:00+05:30","5023108","4105928","431","221.77","49.57","-172.20"
"Ireland","Europe","2022-12-01 00:00:00+05:30","5023108","4105932","263","129.41","28.93","-100.48"
"Isle of Man","Europe","2021-10-01 00:00:00+05:30","84534","68409","115","73.64","18.86","-54.79"
"Isle of Man","Europe","2021-12-01 00:00:00+05:30","84534","65488","57","44.16","12.84","-31.32"
"Israel","Asia","2021-10-01 00:00:00+05:30","9449000","6422221","1040","479.44","240.56","-238.89"
"Israel","Asia","2021-11-01 00:00:00+05:30","9449000","6423712","1490","574.89","290.11","-284.78"
"Israel","Asia","2021-12-01 00:00:00+05:30","9449000","6430985","2343","655.13","335.53","-319.60"
"Israel","Asia","2022-10-01 00:00:00+05:30","9449000","6721962","1402","757.12","307.21","-449.91"
"Israel","Asia","2022-11-01 00:00:00+05:30","9449000","6721978","1055","524.75","212.92","-311.83"
"Israel","Asia","2022-12-01 00:00:00+05:30","9449000","6721993","1554","787.95","319.72","-468.23"
"Italy","Europe","2021-10-01 00:00:00+05:30","59037472","47665632","12516","5697.97","1426.70","-4271.27"
"Italy","Europe","2021-11-01 00:00:00+05:30","59037472","47697848","20490","8236.73","2030.27","-6206.45"
"Italy","Europe","2021-12-01 00:00:00+05:30","59037472","47719255","21035","8365.76","2050.24","-6315.53"
"Italy","Europe","2022-10-01 00:00:00+05:30","59037472","50885198","34443","21177.41","3396.26","-17781.15"
"Italy","Europe","2022-11-01 00:00:00+05:30","59037472","50885207","33379","22024.24","3530.43","-18493.81"
"Italy","Europe","2022-12-01 00:00:00+05:30","59037472","50885328","65917","33434.95","5362.05","-28072.91"
"Jamaica","North America","2021-10-01 00:00:00+05:30","2827382","694626","225","19.57","77.10","57.53"
"Jamaica","North America","2021-11-01 00:00:00+05:30","2827382","617798","30","6.56","23.44","16.89"
"Jamaica","North America","2021-12-01 00:00:00+05:30","2827382","695900","258","30.73","115.60","84.87"
"Jamaica","North America","2022-10-01 00:00:00+05:30","2827382","834720","135","39.86","95.14","55.29"
"Japan","Asia","2021-10-01 00:00:00+05:30","123951696","100975536","579","241.19","65.81","-175.37"
"Japan","Asia","2021-11-01 00:00:00+05:30","123951696","100986560","418","205.29","54.37","-150.92"
"Japan","Asia","2021-12-01 00:00:00+05:30","123951696","100990990","544","225.49","60.51","-164.99"
"Japan","Asia","2022-10-01 00:00:00+05:30","123951696","104483684","119174","62730.11","11745.56","-50984.55"
"Japan","Asia","2022-11-01 00:00:00+05:30","123951696","104484979","153579","73364.28","13775.72","-59588.57"
"Japan","Asia","2022-12-01 00:00:00+05:30","123951696","104486532","176994","81875.48","15317.18","-66558.30"
"Jersey","Europe","2021-10-01 00:00:00+05:30","110796","79166","85","60.73","24.27","-36.47"
"Jersey","Europe","2021-12-01 00:00:00+05:30","110796","80602","94","68.38","25.62","-42.77"
"Jersey","Europe","2022-11-01 00:00:00+05:30","110796","84320","64","48.71","15.29","-33.41"
"Jordan","Asia","2021-10-01 00:00:00+05:30","11285875","4214160","5153","1421.56","2443.44","1021.88"
"Jordan","Asia","2021-11-01 00:00:00+05:30","11285875","4220599","4936","1369.95","2349.55","979.60"
"Jordan","Asia","2021-12-01 00:00:00+05:30","11285875","4230296","2708","793.59","1408.41","614.81"
"Kazakhstan","Asia","2021-10-01 00:00:00+05:30","19397998","8834625","2012","574.57","781.10","206.53"
"Kazakhstan","Asia","2021-11-01 00:00:00+05:30","19397998","8846068","1759","537.18","725.49","188.32"
"Kazakhstan","Asia","2021-12-01 00:00:00+05:30","19397998","8852029","1510","505.02","675.31","170.28"
"Kazakhstan","Asia","2022-10-01 00:00:00+05:30","19397998","10837933","30","16.76","13.24","-3.52"
"Kazakhstan","Asia","2022-11-01 00:00:00+05:30","19397998","10837967","26","14.53","11.47","-3.05"
"Kenya","Africa","2021-11-01 00:00:00+05:30","54027484","5359346","136","13.49","122.51","109.02"
"Kenya","Africa","2021-12-01 00:00:00+05:30","54027484","5375123","202","12.85","136.15","123.30"
"Kiribati","Oceania","2021-12-01 00:00:00+05:30","131237","43044","0","0.00","0.00","0.00"
"Kiribati","Oceania","2022-10-01 00:00:00+05:30","131237","93685","0","0.00","0.00","0.00"
"Kosovo","Europe","2021-10-01 00:00:00+05:30","1782115","869439","20","7.91","8.76","0.86"
"Kosovo","Europe","2021-11-01 00:00:00+05:30","1782115","871277","14","5.20","5.80","0.60"
"Kosovo","Europe","2021-12-01 00:00:00+05:30","1782115","871970","14","4.74","5.26","0.52"
"Kosovo","Europe","2022-10-01 00:00:00+05:30","1782115","906592","4","1.19","1.15","-0.04"
"Kosovo","Europe","2022-11-01 00:00:00+05:30","1782115","906495","4","1.78","1.72","-0.06"
"Kosovo","Europe","2022-12-01 00:00:00+05:30","1782115","906598","1","0.51","0.49","-0.02"
"Kuwait","Asia","2022-11-01 00:00:00+05:30","4268886","3454275","0","0.00","0.00","0.00"
"Kuwait","Asia","2022-12-01 00:00:00+05:30","4268886","3454344","0","0.00","0.00","0.00"
"Kyrgyzstan","Asia","2021-10-01 00:00:00+05:30","6630621","1160051","95","9.63","55.03","45.40"
"Kyrgyzstan","Asia","2021-11-01 00:00:00+05:30","6630621","1160863","108","12.01","64.99","52.99"
"Kyrgyzstan","Asia","2021-12-01 00:00:00+05:30","6630621","1163928","107","11.71","66.29","54.57"
"Kyrgyzstan","Asia","2022-10-01 00:00:00+05:30","6630621","1630963","90","7.28","22.72","15.45"
"Kyrgyzstan","Asia","2022-11-01 00:00:00+05:30","6630621","1631081","0","0.00","0.00","0.00"
"Kyrgyzstan","Asia","2022-12-01 00:00:00+05:30","6630621","1631482","10","1.23","3.77","2.54"
"Latvia","Europe","2021-10-01 00:00:00+05:30","1850654","1292602","1689","757.63","475.04","-282.59"
"Latvia","Europe","2021-11-01 00:00:00+05:30","1850654","1293510","1378","666.35","395.32","-271.03"
"Latvia","Europe","2021-12-01 00:00:00+05:30","1850654","1293818","1388","662.09","419.57","-242.52"
"Lebanon","Asia","2021-10-01 00:00:00+05:30","5489744","2020739","1836","394.50","747.16","352.66"
"Lebanon","Asia","2021-11-01 00:00:00+05:30","5489744","2050765","1563","368.62","693.38","324.77"
"Lebanon","Asia","2021-12-01 00:00:00+05:30","5489744","2062985","1790","346.45","622.22","275.77"
"Lebanon","Asia","2022-10-01 00:00:00+05:30","5489744","2730630","0","0.00","0.00","0.00"
"Lebanon","Asia","2022-12-01 00:00:00+05:30","5489744","2739752","0","0.00","0.00","0.00"
"Lesotho","Africa","2021-10-01 00:00:00+05:30","2305826","347836","2","0.30","1.70","1.40"
"Lesotho","Africa","2022-11-01 00:00:00+05:30","2305826","998183","0","0.00","0.00","0.00"
"Liberia","Africa","2022-11-01 00:00:00+05:30","5302690","3903802","0","0.00","0.00","0.00"
"Libya","Africa","2021-10-01 00:00:00+05:30","6812344","1587796","609","141.94","467.06","325.11"
"Libya","Africa","2021-11-01 00:00:00+05:30","6812344","1785671","577","151.24","425.76","274.51"
"Liechtenstein","Europe","2021-10-01 00:00:00+05:30","39355","25897","55","24.55","12.95","-11.59"
"Liechtenstein","Europe","2021-11-01 00:00:00+05:30","39355","25912","50","16.57","8.76","-7.81"
"Liechtenstein","Europe","2021-12-01 00:00:00+05:30","39355","25912","43","13.52","7.15","-6.37"
"Liechtenstein","Europe","2022-10-01 00:00:00+05:30","39355","26762","5","2.38","1.12","-1.26"
"Liechtenstein","Europe","2022-11-01 00:00:00+05:30","39355","26762","11","7.48","3.52","-3.96"
"Liechtenstein","Europe","2022-12-01 00:00:00+05:30","39355","26763","50","17.34","8.16","-9.18"
"Lithuania","Europe","2021-10-01 00:00:00+05:30","2750058","1889941","3139","1554.12","784.88","-769.24"
"Lithuania","Europe","2021-11-01 00:00:00+05:30","2750058","1890402","2641","1264.01","626.99","-637.02"
"Lithuania","Europe","2021-12-01 00:00:00+05:30","2750058","1890595","2816","1367.96","688.04","-679.93"
"Lithuania","Europe","2022-10-01 00:00:00+05:30","2750058","1956298","453","190.63","77.37","-113.25"
"Lithuania","Europe","2022-11-01 00:00:00+05:30","2750058","1956298","1513","435.67","177.00","-258.67"
"Lithuania","Europe","2022-12-01 00:00:00+05:30","2750058","1956305","877","329.59","133.91","-195.68"
"Luxembourg","Europe","2021-10-01 00:00:00+05:30","647601","453593","486","177.85","80.49","-97.36"
"Luxembourg","Europe","2021-11-01 00:00:00+05:30","647601","454241","369","180.23","82.10","-98.13"
"Luxembourg","Europe","2021-12-01 00:00:00+05:30","647601","454363","427","155.61","68.72","-86.89"
"Luxembourg","Europe","2022-10-01 00:00:00+05:30","647601","481868","288","198.64","68.36","-130.28"
"Luxembourg","Europe","2022-11-01 00:00:00+05:30","647601","481820","145","83.70","28.80","-54.89"
"Luxembourg","Europe","2022-12-01 00:00:00+05:30","647601","481868","403","182.02","62.65","-119.37"
"Macao","Asia","2021-11-01 00:00:00+05:30","695180","488314",NULL,NULL,NULL,NULL
"Malawi","Africa","2021-10-01 00:00:00+05:30","20405318","1244627","35","0.89","14.78","13.89"
"Malawi","Africa","2021-11-01 00:00:00+05:30","20405318","1254993","59","1.45","23.22","21.77"
"Malawi","Africa","2021-12-01 00:00:00+05:30","20405318","1269594","83","2.65","40.35","37.71"
"Malaysia","Asia","2021-10-01 00:00:00+05:30","33938216","25973954","7373","4694.89","1529.78","-3165.12"
"Malaysia","Asia","2021-11-01 00:00:00+05:30","33938216","25975528","6709","4445.28","1440.72","-3004.56"
"Malaysia","Asia","2021-12-01 00:00:00+05:30","33938216","25977184","7276","4349.87","1411.13","-2938.75"
"Malaysia","Asia","2022-10-01 00:00:00+05:30","33938216","28122309","3436","1760.30","364.37","-1395.92"
"Malaysia","Asia","2022-11-01 00:00:00+05:30","33938216","28122397","2882","1391.86","288.14","-1103.73"
"Malaysia","Asia","2022-12-01 00:00:00+05:30","33938216","28122441","3245","1569.16","324.84","-1244.32"
"Maldives","Asia","2021-10-01 00:00:00+05:30","523798","395004","129","79.79","26.21","-53.58"
"Maldives","Asia","2021-11-01 00:00:00+05:30","523798","396162","218","110.22","35.78","-74.45"
"Maldives","Asia","2021-12-01 00:00:00+05:30","523798","396207","110","62.11","20.39","-41.72"
"Maldives","Asia","2022-10-01 00:00:00+05:30","523798","399120","0","0.00","0.00","0.00"
"Malta","Europe","2021-10-01 00:00:00+05:30","533293","436791","88","40.66","9.34","-31.32"
"Malta","Europe","2021-11-01 00:00:00+05:30","533293","436913","111","50.27","11.39","-38.88"
"Malta","Europe","2021-12-01 00:00:00+05:30","533293","436968","78","39.35","8.99","-30.36"
"Malta","Europe","2022-10-01 00:00:00+05:30","533293","478457","21","16.44","1.89","-14.55"
"Malta","Europe","2022-11-01 00:00:00+05:30","533293","478457","23","15.54","1.79","-13.76"
"Malta","Europe","2022-12-01 00:00:00+05:30","533293","478458","24","11.96","1.37","-10.58"
"Mauritania","Africa","2021-10-01 00:00:00+05:30","4736146","1023425","72","15.56","56.44","40.88"
"Mauritania","Africa","2021-11-01 00:00:00+05:30","4736146","1030659","57","12.40","44.60","32.19"
"Mauritius","Africa","2021-10-01 00:00:00+05:30","1299478","906214","1882","1312.45","569.55","-742.89"
"Mexico","North America","2021-10-01 00:00:00+05:30","127504120","75170848","5220","2599.57","2116.93","-482.63"
"Mexico","North America","2021-11-01 00:00:00+05:30","127504120","80191983","3579","1715.63","1221.37","-494.27"
"Mexico","North America","2021-12-01 00:00:00+05:30","127504120","80388496","2788","1411.71","997.79","-413.93"
"Mongolia","Asia","2021-10-01 00:00:00+05:30","3398373","2256788","4012","2393.61","1214.39","-1179.22"
"Mongolia","Asia","2021-11-01 00:00:00+05:30","3398373","2262711","7720","2470.92","1253.75","-1217.17"
"Mongolia","Asia","2021-12-01 00:00:00+05:30","3398373","2262825","8002","2405.88","1220.78","-1185.10"
"Montenegro","Europe","2021-10-01 00:00:00+05:30","627082","279249","754","184.67","259.00","74.33"
"Montenegro","Europe","2021-11-01 00:00:00+05:30","627082","279631","566","152.78","210.89","58.11"
"Montenegro","Europe","2021-12-01 00:00:00+05:30","627082","279793","485","149.19","198.81","49.62"
"Montserrat","North America","2021-12-01 00:00:00+05:30","4413","1531","0","0.00","0.00","0.00"
"Morocco","Africa","2021-12-01 00:00:00+05:30","37457976","24561724","113","74.10","38.90","-35.19"
"Morocco","Africa","2022-11-01 00:00:00+05:30","37457976","25014174","112","40.73","20.27","-20.47"
"Morocco","Africa","2022-12-01 00:00:00+05:30","37457976","25014256","42","28.05","13.95","-14.09"
"Mozambique","Africa","2021-10-01 00:00:00+05:30","32969520","4858830","11","1.62","9.38","7.76"
"Myanmar","Asia","2021-11-01 00:00:00+05:30","54179312","18829259","357","124.07","232.93","108.86"
"Namibia","Africa","2021-10-01 00:00:00+05:30","2567024","339695","11","1.46","9.54","8.09"
"Namibia","Africa","2022-11-01 00:00:00+05:30","2567024","602754","0","0.00","0.00","0.00"
"Nepal","Asia","2021-10-01 00:00:00+05:30","30547586","8202502","565","151.71","413.29","261.58"
"Nepal","Asia","2021-11-01 00:00:00+05:30","30547586","8317902","663","180.53","482.47","301.94"
"Nepal","Asia","2021-12-01 00:00:00+05:30","30547586","8381727","691","189.60","501.40","311.80"
"Netherlands","Europe","2021-10-01 00:00:00+05:30","17564020","12584319","19730","14136.21","5593.79","-8542.41"
"Netherlands","Europe","2021-12-01 00:00:00+05:30","17564020","12465514","16249","11532.22","4716.78","-6815.44"
"New Caledonia","Oceania","2021-12-01 00:00:00+05:30","289959","163236","231","130.04","100.96","-29.09"
"New Caledonia","Oceania","2022-10-01 00:00:00+05:30","289959","191595","0","0.00","0.00","0.00"
"New Caledonia","Oceania","2022-12-01 00:00:00+05:30","289959","191668","0","0.00","0.00","0.00"
"New Zealand","Oceania","2021-10-01 00:00:00+05:30","5185289","3942256","182","67.85","25.49","-42.36"
"New Zealand","Oceania","2021-11-01 00:00:00+05:30","5185289","3945027","202","85.38","31.62","-53.76"
"New Zealand","Oceania","2021-12-01 00:00:00+05:30","5185289","3946217","176","80.96","30.04","-50.92"
"New Zealand","Oceania","2022-10-01 00:00:00+05:30","5185289","4299242","0","0.00","0.00","0.00"
"New Zealand","Oceania","2022-11-01 00:00:00+05:30","5185289","4299269","0","0.00","0.00","0.00"
"New Zealand","Oceania","2022-12-01 00:00:00+05:30","5185289","4299290","0","0.00","0.00","0.00"
"Nicaragua","North America","2021-10-01 00:00:00+05:30","6948395","4402422","0","0.00","0.00","0.00"
"Nicaragua","North America","2022-11-01 00:00:00+05:30","6948395","6114751","0","0.00","0.00","0.00"
"Niger","Africa","2021-10-01 00:00:00+05:30","26207982","429471","0","0.00","0.00","0.00"
"Niger","Africa","2022-11-01 00:00:00+05:30","26207982","6072321","0","0.00","0.00","0.00"
"Nigeria","Africa","2021-10-01 00:00:00+05:30","218541216","5776679","64","1.69","62.31","60.62"
"Nigeria","Africa","2021-11-01 00:00:00+05:30","218541216","5823013","65","1.73","63.27","61.54"
"Nigeria","Africa","2021-12-01 00:00:00+05:30","218541216","7894068","612","22.11","589.89","567.79"
"Nigeria","Africa","2022-11-01 00:00:00+05:30","218541216","72354408","0","0.00","0.00","0.00"
"North Macedonia","Europe","2021-10-01 00:00:00+05:30","2093606","795186","316","120.02","195.98","75.96"
"North Macedonia","Europe","2021-12-01 00:00:00+05:30","2093606","836816","308","123.11","184.89","61.78"
"North Macedonia","Europe","2022-11-01 00:00:00+05:30","2093606","854452","0","0.00","0.00","0.00"
"Northern Cyprus","Asia","2021-12-01 00:00:00+05:30","382836","277641",NULL,NULL,NULL,NULL
"Northern Ireland","Europe","2021-10-01 00:00:00+05:30","1896000","1384734",NULL,NULL,NULL,NULL
"Northern Ireland","Europe","2021-11-01 00:00:00+05:30","1896000","1385295",NULL,NULL,NULL,NULL
"Northern Ireland","Europe","2021-12-01 00:00:00+05:30","1896000","1386231",NULL,NULL,NULL,NULL
"Northern Ireland","Europe","2022-10-01 00:00:00+05:30","1896000","1429315",NULL,NULL,NULL,NULL
"Northern Ireland","Europe","2022-11-01 00:00:00+05:30","1896000","1429346",NULL,NULL,NULL,NULL
"Northern Ireland","Europe","2022-12-01 00:00:00+05:30","1896000","1429350",NULL,NULL,NULL,NULL
"Norway","Europe","2020-10-01 00:00:00+05:30","5434324","7","453","0.00","453.00","453.00"
"Norway","Europe","2020-11-01 00:00:00+05:30","5434324","11","435","0.00","435.00","435.00"
"Norway","Europe","2020-12-01 00:00:00+05:30","5434324","12","403","0.00","403.00","403.00"
"Norway","Europe","2021-10-01 00:00:00+05:30","5434324","4267998","5301","1903.96","526.71","-1377.25"
"Norway","Europe","2021-11-01 00:00:00+05:30","5434324","4268077","5184","1930.19","534.14","-1396.06"
"Norway","Europe","2021-12-01 00:00:00+05:30","5434324","4268112","3166","1448.07","403.60","-1044.47"
"Norway","Europe","2022-10-01 00:00:00+05:30","5434324","4346978","153","77.99","19.51","-58.48"
"Norway","Europe","2022-11-01 00:00:00+05:30","5434324","4346994","131","96.38","24.12","-72.26"
"Norway","Europe","2022-12-01 00:00:00+05:30","5434324","4346995","141","81.99","20.51","-61.47"
"Oman","Asia","2021-11-01 00:00:00+05:30","4576300","2959586","10","6.47","3.53","-2.93"
"Pakistan","Asia","2021-10-01 00:00:00+05:30","235824864","84243233","400","127.63","247.37","119.73"
"Pakistan","Asia","2021-11-01 00:00:00+05:30","235824864","77343569","767","195.68","464.82","269.14"
"Pakistan","Asia","2021-12-01 00:00:00+05:30","235824864","84783151","1004","209.63","469.04","259.42"
"Pakistan","Asia","2022-10-01 00:00:00+05:30","235824864","139566638","38","22.49","15.51","-6.98"
"Pakistan","Asia","2022-11-01 00:00:00+05:30","235824864","139443281","0","0.00","0.00","0.00"
"Pakistan","Asia","2022-12-01 00:00:00+05:30","235824864","139573757","41","12.13","8.37","-3.77"
"Palestine","Asia","2021-10-01 00:00:00+05:30","5250076","1876152","237","84.69","152.31","67.61"
"Panama","North America","2021-10-01 00:00:00+05:30","4408582","3004816","195","132.91","62.09","-70.82"
"Panama","North America","2021-12-01 00:00:00+05:30","4408582","3103139","0","0.00","0.00","0.00"
"Panama","North America","2022-11-01 00:00:00+05:30","4408582","3513104","0","0.00","0.00","0.00"
"Papua New Guinea","Oceania","2022-10-01 00:00:00+05:30","10142625","353277","3","0.10","2.90","2.79"
"Paraguay","South America","2021-10-01 00:00:00+05:30","6780745","3414571","73","36.76","36.24","-0.52"
"Paraguay","South America","2021-12-01 00:00:00+05:30","6780745","3180418","54","25.33","28.67","3.34"
"Paraguay","South America","2022-11-01 00:00:00+05:30","6780745","3971312","0","0.00","0.00","0.00"
"Peru","South America","2021-10-01 00:00:00+05:30","34049588","23641398","1814","655.39","382.28","-273.11"
"Peru","South America","2021-11-01 00:00:00+05:30","34049588","23780649","1224","588.97","340.70","-248.27"
"Peru","South America","2021-12-01 00:00:00+05:30","34049588","23886112","1356","691.09","398.58","-292.51"
"Peru","South America","2022-10-01 00:00:00+05:30","34049588","30183176","14456","4729.52","608.15","-4121.37"
"Peru","South America","2022-11-01 00:00:00+05:30","34049588","30184492","5536","2221.49","287.51","-1933.99"
"Peru","South America","2022-12-01 00:00:00+05:30","34049588","30188611","3738","1754.04","227.63","-1526.42"
"Philippines","Asia","2021-11-01 00:00:00+05:30","115559008","40517967","1974","692.14","1281.86","589.73"
"Philippines","Asia","2022-10-01 00:00:00+05:30","115559008","78102787","1267","856.33","410.67","-445.65"
"Poland","Europe","2021-10-01 00:00:00+05:30","39857144","21143897","24991","13257.53","11733.47","-1524.05"
"Poland","Europe","2021-11-01 00:00:00+05:30","39857144","21171467","23764","11200.28","10218.72","-981.56"
"Poland","Europe","2021-12-01 00:00:00+05:30","39857144","21177713","19452","6017.18","5494.49","-522.69"
"Poland","Europe","2022-10-01 00:00:00+05:30","39857144","22832629","492","251.94","188.06","-63.87"
"Poland","Europe","2022-11-01 00:00:00+05:30","39857144","22832951","3295","742.39","555.61","-186.78"
"Poland","Europe","2022-12-01 00:00:00+05:30","39857144","22833123","2362","504.47","377.53","-126.93"
"Portugal","Europe","2021-10-01 00:00:00+05:30","10270857","9253486","3066","2762.30","303.70","-2458.60"
"Portugal","Europe","2021-12-01 00:00:00+05:30","10270857","9159319","1515","1351.04","163.96","-1187.09"
"Portugal","Europe","2022-11-01 00:00:00+05:30","10270857","9778253","944","898.72","45.28","-853.45"
"Qatar","Asia","2022-11-01 00:00:00+05:30","2695131","2825344","839","879.54","-40.54","-920.07"
"Qatar","Asia","2022-12-01 00:00:00+05:30","2695131","2849572","359","379.57","-20.57","-400.14"
"Russia","Europe","2021-10-01 00:00:00+05:30","144713312","69112801","38058","13351.59","19174.41","5822.83"
"Russia","Europe","2021-11-01 00:00:00+05:30","144713312","69738785","40759","13813.55","19671.78","5858.23"
"Russia","Europe","2021-12-01 00:00:00+05:30","144713312","70013461","40123","13612.33","19135.00","5522.66"
"Russia","Europe","2022-10-01 00:00:00+05:30","144713312","85355046","15661","9237.20","6423.80","-2813.39"
"Russia","Europe","2022-11-01 00:00:00+05:30","144713312","87328115","7096","3793.16","2531.84","-1261.31"
"Russia","Europe","2022-12-01 00:00:00+05:30","144713312","85364255","15640","9225.81","6414.19","-2811.61"
"Rwanda","Africa","2021-10-01 00:00:00+05:30","13776702","4496161","114","12.66","55.34","42.67"
"Rwanda","Africa","2021-11-01 00:00:00+05:30","13776702","4774596","19","6.58","12.42","5.83"
"Saint Kitts and Nevis","North America","2021-10-01 00:00:00+05:30","47681","27358","0","0.00","0.00","0.00"
"Saint Kitts and Nevis","North America","2021-12-01 00:00:00+05:30","47681","26215","5","2.75","2.25","-0.50"
"Saint Lucia","North America","2021-10-01 00:00:00+05:30","179872","55063","11","2.67","6.33","3.65"
"Saint Lucia","North America","2021-11-01 00:00:00+05:30","179872","52439","9","2.62","6.38","3.75"
"Saint Lucia","North America","2021-12-01 00:00:00+05:30","179872","52563","34","8.63","22.37","13.73"
"Saint Vincent and the Grenadines","North America","2021-10-01 00:00:00+05:30","103959","32104","18","5.56","12.44","6.88"
"Saint Vincent and the Grenadines","North America","2021-11-01 00:00:00+05:30","103959","28255","53","14.40","38.60","24.19"
"Saint Vincent and the Grenadines","North America","2021-12-01 00:00:00+05:30","103959","28278","13","3.54","9.46","5.93"
"Saint Vincent and the Grenadines","North America","2022-11-01 00:00:00+05:30","103959","37312","0","0.00","0.00","0.00"
"Samoa","Oceania","2022-10-01 00:00:00+05:30","222390","191084","0","0.00","0.00","0.00"
"San Marino","Europe","2021-12-01 00:00:00+05:30","33690","24282","46","33.15","12.85","-20.31"
"Sao Tome and Principe","Africa","2021-10-01 00:00:00+05:30","227393","81125","1","0.36","0.64","0.29"
"Saudi Arabia","Asia","2021-10-01 00:00:00+05:30","36408824","24757408","49","28.71","14.29","-14.43"
"Saudi Arabia","Asia","2021-11-01 00:00:00+05:30","36408824","24766927","59","32.18","16.15","-16.03"
"Saudi Arabia","Asia","2021-12-01 00:00:00+05:30","36408824","24786057","58","34.25","17.08","-17.16"
"Scotland","Europe","2021-10-01 00:00:00+05:30","5466000","4361197",NULL,NULL,NULL,NULL
"Scotland","Europe","2021-11-01 00:00:00+05:30","5466000","4362468",NULL,NULL,NULL,NULL
"Scotland","Europe","2021-12-01 00:00:00+05:30","5466000","4326637",NULL,NULL,NULL,NULL
"Serbia","Europe","2021-12-01 00:00:00+05:30","6871547","3288762","5700","1584.36","1920.14","335.79"
"Seychelles","Africa","2021-10-01 00:00:00+05:30","107135","82117","25","19.16","5.84","-13.32"
"Seychelles","Africa","2022-11-01 00:00:00+05:30","107135","85803","0","0.00","0.00","0.00"
"Sierra Leone","Africa","2021-10-01 00:00:00+05:30","8605723","603654","0","0.00","0.00","0.00"
"Sierra Leone","Africa","2021-12-01 00:00:00+05:30","8605723","292239","0","0.00","0.00","0.00"
"Singapore","Asia","2021-10-01 00:00:00+05:30","5637022","4827783","3481","1901.45","346.55","-1554.90"
"Singapore","Asia","2021-11-01 00:00:00+05:30","5637022","4828413","2396","1472.14","267.20","-1204.94"
"Singapore","Asia","2021-12-01 00:00:00+05:30","5637022","4828913","3099","1817.99","330.34","-1487.65"
"Singapore","Asia","2022-10-01 00:00:00+05:30","5637022","5153646","4719","2588.37","249.96","-2338.41"
"Singapore","Asia","2022-11-01 00:00:00+05:30","5637022","5153655","11732","4650.02","450.98","-4199.03"
"Singapore","Asia","2022-12-01 00:00:00+05:30","5637022","5153866","9611","3533.53","343.13","-3190.40"
"Sint Maarten (Dutch part)","North America","2021-10-01 00:00:00+05:30","44192","27030","4","2.45","1.55","-0.89"
"Sint Maarten (Dutch part)","North America","2021-12-01 00:00:00+05:30","44192","26640","0","0.00","0.00","0.00"
"Slovakia","Europe","2021-10-01 00:00:00+05:30","5643455","2487399","1162","512.16","649.84","137.68"
"Slovenia","Europe","2021-10-01 00:00:00+05:30","2119843","1238522","4483","1195.59","903.07","-292.52"
"Slovenia","Europe","2021-11-01 00:00:00+05:30","2119843","1238662","3573","999.96","747.04","-252.92"
"Slovenia","Europe","2021-12-01 00:00:00+05:30","2119843","1238683","3434","990.91","750.76","-240.15"
"Solomon Islands","Oceania","2021-12-01 00:00:00+05:30","724272","113423","0","0.00","0.00","0.00"
"Somalia","Africa","2022-11-01 00:00:00+05:30","17597508","6203372","0","0.00","0.00","0.00"
"South Africa","Africa","2021-10-01 00:00:00+05:30","59893884","18344024","22388","3461.16","7855.34","4394.17"
"South Africa","Africa","2021-11-01 00:00:00+05:30","59893884","13466577","648","145.70","502.30","356.61"
"South Africa","Africa","2021-12-01 00:00:00+05:30","59893884","18379697","17153","2679.92","6074.58","3394.65"
"South Africa","Africa","2022-10-01 00:00:00+05:30","59893884","22486686","528","65.88","110.12","44.23"
"South Africa","Africa","2022-11-01 00:00:00+05:30","59893884","22486951","598","74.38","124.96","50.58"
"South Africa","Africa","2022-12-01 00:00:00+05:30","59893884","22427526","1094","272.00","455.00","183.01"
"South Korea","Asia","2021-10-01 00:00:00+05:30","51815808","42701256","6976","2922.30","675.37","-2246.93"
"South Korea","Asia","2021-11-01 00:00:00+05:30","51815808","42727507","6689","2817.24","649.10","-2168.14"
"South Korea","Asia","2021-12-01 00:00:00+05:30","51815808","42729649","5814","2653.28","617.05","-2036.23"
"South Korea","Asia","2022-10-01 00:00:00+05:30","51815808","44770266","54519","35790.67","5636.66","-30154.01"
"South Korea","Asia","2022-11-01 00:00:00+05:30","51815808","44770270","54328","31820.57","5013.10","-26807.47"
"South Korea","Asia","2022-12-01 00:00:00+05:30","51815808","44770524","86852","46696.72","7353.28","-39343.43"
"South Sudan","Africa","2021-11-01 00:00:00+05:30","10913172","82889","0","0.00","0.00","0.00"
"South Sudan","Africa","2021-12-01 00:00:00+05:30","10913172","223920","18","0.37","17.63","17.26"
"Spain","Europe","2021-10-01 00:00:00+05:30","47558632","38130715","3446","2104.63","527.87","-1576.77"
"Spain","Europe","2021-11-01 00:00:00+05:30","47558632","38144625","3824","3067.06","756.94","-2310.11"
"Spain","Europe","2021-12-01 00:00:00+05:30","47558632","38514698","26233","10832.21","2548.29","-8283.92"
"Sri Lanka","Asia","2021-10-01 00:00:00+05:30","21832150","15825242","720","493.53","212.97","-280.56"
"Sri Lanka","Asia","2021-11-01 00:00:00+05:30","21832150","15952312","762","511.37","207.96","-303.40"
"Sri Lanka","Asia","2021-12-01 00:00:00+05:30","21832150","15955985","714","487.07","205.43","-281.64"
"Sri Lanka","Asia","2022-12-01 00:00:00+05:30","21832150","17132251","12","9.42","2.58","-6.83"
"Sudan","Africa","2022-12-01 00:00:00+05:30","46874200","10504568","0","0.00","0.00","0.00"
"Suriname","South America","2021-10-01 00:00:00+05:30","618046","259391","261","56.65","86.68","30.03"
"Suriname","South America","2021-11-01 00:00:00+05:30","618046","259712","82","22.05","31.45","9.39"
"Suriname","South America","2021-12-01 00:00:00+05:30","618046","253654","90","25.41","37.59","12.18"
"Sweden","Europe","2021-10-01 00:00:00+05:30","10549349","7062916","16","10.71","5.29","-5.42"
"Sweden","Europe","2021-12-01 00:00:00+05:30","10549349","7532787","2396","1710.87","685.13","-1025.74"
"Sweden","Europe","2022-11-01 00:00:00+05:30","10549349","7771297","998","735.19","262.81","-472.38"
"Switzerland","Europe","2021-10-01 00:00:00+05:30","8740471","5901358","10420","3306.52","1625.48","-1681.04"
"Switzerland","Europe","2021-11-01 00:00:00+05:30","8740471","5905463","9756","3176.79","1558.55","-1618.24"
"Switzerland","Europe","2021-12-01 00:00:00+05:30","8740471","5906443","6089","2497.32","1240.34","-1256.98"
"Switzerland","Europe","2022-10-01 00:00:00+05:30","8740471","6095037","3427","1809.07","785.59","-1023.48"
"Switzerland","Europe","2022-11-01 00:00:00+05:30","8740471","6095037","8212","2926.66","1271.34","-1655.31"
"Switzerland","Europe","2022-12-01 00:00:00+05:30","8740471","6095058","6531","2430.54","1055.79","-1374.75"
"Syria","Asia","2021-12-01 00:00:00+05:30","22125242","1002945","276","6.45","175.55","169.10"
"Taiwan","Asia","2021-10-01 00:00:00+05:30","23893396","18436686",NULL,NULL,NULL,NULL
"Taiwan","Asia","2021-11-01 00:00:00+05:30","23893396","17744846",NULL,NULL,NULL,NULL
"Taiwan","Asia","2021-12-01 00:00:00+05:30","23893396","18472049",NULL,NULL,NULL,NULL
"Taiwan","Asia","2022-10-01 00:00:00+05:30","23893396","21787792",NULL,NULL,NULL,NULL
"Taiwan","Asia","2022-11-01 00:00:00+05:30","23893396","21815630",NULL,NULL,NULL,NULL
"Taiwan","Asia","2022-12-01 00:00:00+05:30","23893396","21816269",NULL,NULL,NULL,NULL
"Tajikistan","Asia","2021-10-01 00:00:00+05:30","9952789","2513950","0","0.00","0.00","0.00"
"Tanzania","Africa","2022-11-01 00:00:00+05:30","65497752","31191545","0","0.00","0.00","0.00"
"Thailand","Asia","2021-10-01 00:00:00+05:30","71697024","50088788","10817","4164.65","3164.68","-999.97"
"Thailand","Asia","2021-11-01 00:00:00+05:30","71697024","50107715","10035","4141.15","3062.18","-1078.97"
"Thailand","Asia","2021-12-01 00:00:00+05:30","71697024","50120675","9445","3961.49","2884.18","-1077.32"
"Timor","Asia","2021-12-01 00:00:00+05:30","1341298","495822","6","2.22","3.78","1.56"
"Timor","Asia","2022-11-01 00:00:00+05:30","1341298","856259","0","0.00","0.00","0.00"
"Togo","Africa","2021-10-01 00:00:00+05:30","8848700","1349188","7","1.07","5.93","4.87"
"Togo","Africa","2021-12-01 00:00:00+05:30","8848700","971322","12","1.32","10.68","9.37"
"Tokelau","Oceania","2021-12-01 00:00:00+05:30","1893","968","0","0.00","0.00","0.00"
"Trinidad and Tobago","North America","2021-10-01 00:00:00+05:30","1531043","697645","881","210.14","262.86","52.72"
"Trinidad and Tobago","North America","2021-11-01 00:00:00+05:30","1531043","698473","857","204.16","255.51","51.35"
"Trinidad and Tobago","North America","2021-12-01 00:00:00+05:30","1531043","698861","898","245.12","307.54","62.42"
"Tunisia","Africa","2021-10-01 00:00:00+05:30","12356116","6257611","1924","349.24","399.09","49.84"
"Tunisia","Africa","2021-11-01 00:00:00+05:30","12356116","6275922","241","87.69","98.31","10.63"
"Tunisia","Africa","2021-12-01 00:00:00+05:30","12356116","6292703","187","50.89","53.11","2.22"
"Tunisia","Africa","2022-11-01 00:00:00+05:30","12356116","7208922","0","0.00","0.00","0.00"
"Turkey","Asia","2021-10-01 00:00:00+05:30","85341248","56494740","28662","16682.24","8985.43","-7696.81"
"Turkey","Asia","2021-11-01 00:00:00+05:30","85341248","56507792","28370","16079.60","8650.40","-7429.21"
"Turkey","Asia","2021-12-01 00:00:00+05:30","85341248","56517947","30563","16197.30","8708.03","-7489.27"
"Turkey","Asia","2022-10-01 00:00:00+05:30","85341248","57931293","0","0.00","0.00","0.00"
"Turkey","Asia","2022-11-01 00:00:00+05:30","85341248","57931643","0","0.00","0.00","0.00"
"Uganda","Africa","2021-10-01 00:00:00+05:30","47249588","3483212","49","3.61","45.39","41.78"
"Ukraine","Europe","2021-10-01 00:00:00+05:30","39701744","14087749","23283","4374.17","10943.83","6569.65"
"Ukraine","Europe","2021-11-01 00:00:00+05:30","39701744","14114892","24747","4255.47","10315.20","6059.73"
"Ukraine","Europe","2021-12-01 00:00:00+05:30","39701744","14131443","24058","3848.71","9927.62","6078.91"
"United Arab Emirates","Asia","2021-10-01 00:00:00+05:30","9441138","9771891","146","110.29","-1.29","-111.59"
"United Arab Emirates","Asia","2021-11-01 00:00:00+05:30","9441138","9781611","75","77.70","-2.70","-80.41"
"United Arab Emirates","Asia","2021-12-01 00:00:00+05:30","9441138","9781743","82","84.96","-2.96","-87.92"
"United Kingdom","Europe","2021-10-01 00:00:00+05:30","67508936","51229559","58827","34522.19","11665.81","-22856.37"
"United Kingdom","Europe","2021-11-01 00:00:00+05:30","67508936","51255850","56994","32807.13","11041.54","-21765.59"
"United Kingdom","Europe","2021-12-01 00:00:00+05:30","67508936","51279167","52491","32860.23","11090.10","-21770.13"
"United States","North America","2021-10-01 00:00:00+05:30","338289856","237618987","129708","79527.27","38672.73","-40854.54"
"United States","North America","2021-11-01 00:00:00+05:30","338289856","237880729","137431","65848.28","31119.39","-34728.89"
"United States","North America","2021-12-01 00:00:00+05:30","338289856","238029700","135573","65324.31","30599.35","-34724.96"
"United States","North America","2022-10-01 00:00:00+05:30","338289856","267914489","11333","2958.90","818.77","-2140.13"
"United States","North America","2022-11-01 00:00:00+05:30","338289856","267930466","282897","77834.99","20870.67","-56964.32"
"United States","North America","2022-12-01 00:00:00+05:30","338289856","267971630","24419","6378.89","1760.77","-4618.12"
"Uruguay","South America","2021-10-01 00:00:00+05:30","3422796","2749549","300","159.29","40.04","-119.25"
"Uruguay","South America","2021-11-01 00:00:00+05:30","3422796","2749556","257","153.23","38.43","-114.80"
"Uruguay","South America","2021-12-01 00:00:00+05:30","3422796","2749561","252","146.67","36.66","-110.01"
"Uruguay","South America","2022-10-01 00:00:00+05:30","3422796","3005262","0","0.00","0.00","0.00"
"Uruguay","South America","2022-11-01 00:00:00+05:30","3422796","3004700","0","0.00","0.00","0.00"
"Uruguay","South America","2022-12-01 00:00:00+05:30","3422796","3005288","0","0.00","0.00","0.00"
"Uzbekistan","Asia","2021-10-01 00:00:00+05:30","34627648","14834189","221","94.67","126.33","31.65"
"Uzbekistan","Asia","2021-11-01 00:00:00+05:30","34627648","15021836","273","118.43","154.57","36.14"
"Uzbekistan","Asia","2021-12-01 00:00:00+05:30","34627648","15199786","294","129.05","164.95","35.90"
"Uzbekistan","Asia","2022-11-01 00:00:00+05:30","34627648","21283789","120","73.76","46.24","-27.52"
"Vanuatu","Oceania","2021-12-01 00:00:00+05:30","326744","59215","0","0.00","0.00","0.00"
"Vietnam","Asia","2021-10-01 00:00:00+05:30","98186856","74713350","14839","6340.96","2842.54","-3498.43"
"Vietnam","Asia","2021-11-01 00:00:00+05:30","98186856","74832161","16141","6345.38","2961.95","-3383.43"
"Vietnam","Asia","2021-12-01 00:00:00+05:30","98186856","74907297","14638","6075.09","2781.24","-3293.85"
"Wales","Europe","2021-10-01 00:00:00+05:30","3170000","2475102",NULL,NULL,NULL,NULL
"Wales","Europe","2021-11-01 00:00:00+05:30","3170000","2476015",NULL,NULL,NULL,NULL
"Wales","Europe","2021-12-01 00:00:00+05:30","3170000","2477148",NULL,NULL,NULL,NULL
"Wales","Europe","2022-10-01 00:00:00+05:30","3170000","2589825",NULL,NULL,NULL,NULL
"Wales","Europe","2022-11-01 00:00:00+05:30","3170000","2589839",NULL,NULL,NULL,NULL
"Wales","Europe","2022-12-01 00:00:00+05:30","3170000","2589931",NULL,NULL,NULL,NULL
"Wallis and Futuna","Oceania","2021-12-01 00:00:00+05:30","11596","5749","0","0.00","0.00","0.00"
"Yemen","Asia","2021-11-01 00:00:00+05:30","33696612","319710","24","0.23","23.77","23.54"
"Zambia","Africa","2021-11-01 00:00:00+05:30","20017670","806611","21","0.85","20.15","19.31"
"Zimbabwe","Africa","2021-10-01 00:00:00+05:30","16320539","3938056","5189","423.62","1337.38","913.76"
"Zimbabwe","Africa","2021-11-01 00:00:00+05:30","16320539","3944813","6181","504.40","1587.27","1082.87"
"Zimbabwe","Africa","2021-12-01 00:00:00+05:30","16320539","3956872","3004","249.80","786.87","537.07"
